﻿<?xml version="1.0" encoding="utf-8" ?>
<database xmlns="http://tempuri.org/Backup.xsd">
  <initialization>
    <script>DBcreate.sql</script>
  </initialization>

  <systemscripts>
    <script>Functions.Common.sql</script>
    <script>StoredProcedures.Common.sql</script>
  </systemscripts>

  <escalation>
    <script version="638">DBupdate60.sql</script>
    <script version="1205">DBupdate70.sql</script>
    <script version="2022">DBupdate80.sql</script>
    <script version="2754">DBupdate90.sql</script>
  </escalation>
   
  <condition>
    <script version="445" database="nonempty">DB50upgrade.sql</script>
    <script version="625" database="nonempty">DB61upgrade.sql</script>
    <script version="1726" database="nonempty">DB70upgrade.sql</script>
    <script version="2616" database="nonempty">DB80upgrade.sql</script>
  </condition>

  <finalization>
    <script>Functions.sql</script>
    <script>StoredProcedures.CloudReplica.Vi.sql</script>
    <script>StoredProcedures.CloudReplica.Hv.sql</script>
    <script>StoredProcedures.CloudReplica.Tenant.sql</script>
    <script>StoredProcedures.sql</script>
    <script>StoredProcedures.Tapes.sql</script>
    <script>StoredProcedures.WmiServer.sql</script>
    <script>StoredProcedures.San.sql</script>
  </finalization>
</database>
