﻿<?xml version="1.0" encoding="utf-8" ?>
<database xmlns="http://tempuri.org/Enterprise.xsd">
  <initialization>
    <script>ReportingDBcreate.sql</script>
  </initialization>

  <systemscripts>
    <script>ReportingSPsystem.sql</script> 
    <script>ReportingFunctions.Common.sql</script>
  </systemscripts>

  <escalation>
    <scripts type="schema" version="849">
      <script>upgrade56\ReportingDBUpgrade_Common.sql</script>
      <script>upgrade56\ReportingDBUpgrade56_StoredProcedures.sql</script>
      <script>upgrade56\ReportingDBUpgrade_v6_to_v61_StoredProcedures.sql</script>
      <script>upgrade56\ReportingDBUpgrade_v65_to_v70_StoredProcedures.sql</script>
      <script>upgrade56\ReportingDBUpgrade_v70_to_v80_StoredProcedures.sql</script>
      <script>upgrade56\ReportingDBUpgrade_v80_to_v90_StoredProcedures.sql</script>
      <script>ReportingDBupdate.sql</script>
    </scripts>

    <scripts type="content" version="713">
      <script>ReportingSPcommon.sql</script>
      <script>ReportingSPimport.sql</script>
      <script>ReportingSPimport65.sql</script>
      <script>ReportingSPimport70.sql</script>
      <script>ReportingSPimport80.sql</script>
      <script>ReportingSPreport.sql</script>
      <script>RestAPI.sql</script>
      <script>ReportingDBfill.sql</script>
    </scripts>
  </escalation>
</database>
